id,name,email,specialty
1,Bartlett Branscomb,bbranscomb0@cyberchimps.com,PEDIATRICS
2,Kelsey Swinden,kswinden1@ft.com,PSYCHIATRY
3,Arne Cady,acady2@timesonline.co.uk,UROLOGY
4,Gaby Coupe,gcoupe3@nyu.edu,UROLOGY
5,Martyn Sinnat,msinnat4@yandex.ru,PEDIATRICS
6,Pebrook Radford,pradford5@wikia.com,NEURORADIOLOGY
7,Thebault Alflatt,talflatt6@macromedia.com,UROLOGY
8,Standford Benning,sbenning7@businessinsider.com,HEMATOLOGY
9,Cyndi Lidgerton,clidgerton8@google.cn,NEURORADIOLOGY
10,Valentin Muncie,vmuncie9@ask.com,GYNECOLOGY
